Kind,Name,SumCyclomatic,AvgCyclomatic,MaxCyclomatic,CountClassDerived,MaxInheritanceTree,CountDeclMethodAll,CountDeclMethod,CountClassCoupled,PercentLackOfCohesion,CountClassBase,MaxEssential
Package,"(Unnamed_Package)",7,2,4,,,,3,,,,1
Struct,"ChannelData",0,0,0,0,0,0,0,0,0,0,0
File,"D:\drvm\PROJE\gameengines\pygame-1.9.6\pygame-1.9.6\buildconfig\__init__.py",0,0,0,,,,,,,,0
Module File,"D:\drvm\PROJE\gameengines\pygame-1.9.6\pygame-1.9.6\buildconfig\__main__.py",1,1,1,,,,,,,,1
Module File,"D:\drvm\PROJE\gameengines\pygame-1.9.6\pygame-1.9.6\buildconfig\bundle_docs.py",8,2,2,,,,,,,,1
Module File,"D:\drvm\PROJE\gameengines\pygame-1.9.6\pygame-1.9.6\buildconfig\config.py",56,8,19,,,,,,,,6
Module File,"D:\drvm\PROJE\gameengines\pygame-1.9.6\pygame-1.9.6\buildconfig\config_darwin.py",38,4,11,,,,,,,,7
Module File,"D:\drvm\PROJE\gameengines\pygame-1.9.6\pygame-1.9.6\buildconfig\config_msys.py",68,3,16,,,,,,,,8
Module File,"D:\drvm\PROJE\gameengines\pygame-1.9.6\pygame-1.9.6\buildconfig\config_unix.py",55,5,15,,,,,,,,4
Module File,"D:\drvm\PROJE\gameengines\pygame-1.9.6\pygame-1.9.6\buildconfig\config_win.py",134,3,14,,,,,,,,7
Module File,"D:\drvm\PROJE\gameengines\pygame-1.9.6\pygame-1.9.6\buildconfig\download_win_prebuilt.py",50,4,8,,,,,,,,4
Module File,"D:\drvm\PROJE\gameengines\pygame-1.9.6\pygame-1.9.6\buildconfig\makeref.py",4,2,2,,,,,,,,1
Module File,"D:\drvm\PROJE\gameengines\pygame-1.9.6\pygame-1.9.6\buildconfig\msysio.py",10,2,4,,,,,,,,1
Module File,"D:\drvm\PROJE\gameengines\pygame-1.9.6\pygame-1.9.6\buildconfig\setup_win_common.py",6,1,3,,,,,,,,1
Module File,"D:\drvm\PROJE\gameengines\pygame-1.9.6\pygame-1.9.6\buildconfig\vstools.py",16,4,8,,,,,,,,7
File,"D:\drvm\PROJE\gameengines\pygame-1.9.6\pygame-1.9.6\docs\__init__.py",2,2,2,,,,,,,,1
Module File,"D:\drvm\PROJE\gameengines\pygame-1.9.6\pygame-1.9.6\docs\__main__.py",7,3,4,,,,,,,,1
File,"D:\drvm\PROJE\gameengines\pygame-1.9.6\pygame-1.9.6\docs\logos.html",0,0,0,,,,,,,,0
File,"D:\drvm\PROJE\gameengines\pygame-1.9.6\pygame-1.9.6\docs\reST\_static\reset.css",0,0,0,,,,,,,,0
File,"D:\drvm\PROJE\gameengines\pygame-1.9.6\pygame-1.9.6\docs\reST\_static\tooltip.css",0,0,0,,,,,,,,0
File,"D:\drvm\PROJE\gameengines\pygame-1.9.6\pygame-1.9.6\docs\reST\_templates\header.h",0,0,0,,,,,,,,0
Module File,"D:\drvm\PROJE\gameengines\pygame-1.9.6\pygame-1.9.6\docs\reST\conf.py",1,1,1,,,,,,,,1
File,"D:\drvm\PROJE\gameengines\pygame-1.9.6\pygame-1.9.6\docs\reST\ext\__init__.py",0,0,0,,,,,,,,0
Module File,"D:\drvm\PROJE\gameengines\pygame-1.9.6\pygame-1.9.6\docs\reST\ext\boilerplate.py",54,1,7,,,,,,,,6
Module File,"D:\drvm\PROJE\gameengines\pygame-1.9.6\pygame-1.9.6\docs\reST\ext\customversion.py",5,1,2,,,,,,,,1
Module File,"D:\drvm\PROJE\gameengines\pygame-1.9.6\pygame-1.9.6\docs\reST\ext\edit_on_github.py",6,1,3,,,,,,,,3
Module File,"D:\drvm\PROJE\gameengines\pygame-1.9.6\pygame-1.9.6\docs\reST\ext\headers.py",6,3,5,,,,,,,,3
Module File,"D:\drvm\PROJE\gameengines\pygame-1.9.6\pygame-1.9.6\docs\reST\ext\indexer.py",46,2,5,,,,,,,,5
Module File,"D:\drvm\PROJE\gameengines\pygame-1.9.6\pygame-1.9.6\docs\reST\ext\utils.py",37,1,6,,,,,,,,6
Module File,"D:\drvm\PROJE\gameengines\pygame-1.9.6\pygame-1.9.6\docs\reST\ref\code_examples\draw_module_example.py",4,4,4,,,,,,,,1
Module File,"D:\drvm\PROJE\gameengines\pygame-1.9.6\pygame-1.9.6\docs\reST\ref\code_examples\joystick_calls.py",15,2,10,,,,,,,,1
File,"D:\drvm\PROJE\gameengines\pygame-1.9.6\pygame-1.9.6\docs\reST\themes\classic\elements.html",0,0,0,,,,,,,,0
File,"D:\drvm\PROJE\gameengines\pygame-1.9.6\pygame-1.9.6\docs\reST\themes\classic\page.html",0,0,0,,,,,,,,0
File,"D:\drvm\PROJE\gameengines\pygame-1.9.6\pygame-1.9.6\examples\__init__.py",0,0,0,,,,,,,,0
Module File,"D:\drvm\PROJE\gameengines\pygame-1.9.6\pygame-1.9.6\examples\aacircle.py",8,4,6,,,,,,,,5
Module File,"D:\drvm\PROJE\gameengines\pygame-1.9.6\pygame-1.9.6\examples\aliens.py",53,2,20,,,,,,,,4
Module File,"D:\drvm\PROJE\gameengines\pygame-1.9.6\pygame-1.9.6\examples\arraydemo.py",9,3,5,,,,,,,,5
Module File,"D:\drvm\PROJE\gameengines\pygame-1.9.6\pygame-1.9.6\examples\audiocapture.py",3,1,2,,,,,,,,1
Module File,"D:\drvm\PROJE\gameengines\pygame-1.9.6\pygame-1.9.6\examples\blend_fill.py",22,7,19,,,,,,,,1
Module File,"D:\drvm\PROJE\gameengines\pygame-1.9.6\pygame-1.9.6\examples\blit_blends.py",21,7,17,,,,,,,,1
Module File,"D:\drvm\PROJE\gameengines\pygame-1.9.6\pygame-1.9.6\examples\camera.py",16,2,6,,,,,,,,1
Module File,"D:\drvm\PROJE\gameengines\pygame-1.9.6\pygame-1.9.6\examples\chimp.py",37,2,9,,,,,,,,3
Module File,"D:\drvm\PROJE\gameengines\pygame-1.9.6\pygame-1.9.6\examples\cursors.py",14,4,7,,,,,,,,5
Module File,"D:\drvm\PROJE\gameengines\pygame-1.9.6\pygame-1.9.6\examples\dropevent.py",13,6,10,,,,,,,,1
Module File,"D:\drvm\PROJE\gameengines\pygame-1.9.6\pygame-1.9.6\examples\eventlist.py",19,3,12,,,,,,,,1
Module File,"D:\drvm\PROJE\gameengines\pygame-1.9.6\pygame-1.9.6\examples\fastevents.py",19,4,10,,,,,,,,3
Module File,"D:\drvm\PROJE\gameengines\pygame-1.9.6\pygame-1.9.6\examples\fonty.py",8,2,3,,,,,,,,3
Module File,"D:\drvm\PROJE\gameengines\pygame-1.9.6\pygame-1.9.6\examples\freetype_misc.py",8,4,5,,,,,,,,3
Module File,"D:\drvm\PROJE\gameengines\pygame-1.9.6\pygame-1.9.6\examples\glcube.py",16,4,7,,,,,,,,1
Module File,"D:\drvm\PROJE\gameengines\pygame-1.9.6\pygame-1.9.6\examples\headless_no_windows_needed.py",7,2,4,,,,,,,,1
Module File,"D:\drvm\PROJE\gameengines\pygame-1.9.6\pygame-1.9.6\examples\liquid.py",9,4,7,,,,,,,,4
File,"D:\drvm\PROJE\gameengines\pygame-1.9.6\pygame-1.9.6\examples\macosx\aliens_app_example\English.lproj\MainMenu.nib\_MainMenu_EOArchive_English.java",7,2,4,,,,3,,,,1
Module File,"D:\drvm\PROJE\gameengines\pygame-1.9.6\pygame-1.9.6\examples\macosx\aliens_app_example\aliens.py",49,2,16,,,,,,,,4
Module File,"D:\drvm\PROJE\gameengines\pygame-1.9.6\pygame-1.9.6\examples\macosx\aliens_app_example\setup.py",1,1,1,,,,,,,,1
Module File,"D:\drvm\PROJE\gameengines\pygame-1.9.6\pygame-1.9.6\examples\macosx\macfont.py",29,1,5,,,,,,,,5
Module File,"D:\drvm\PROJE\gameengines\pygame-1.9.6\pygame-1.9.6\examples\mask.py",42,3,17,,,,,,,,6
Module File,"D:\drvm\PROJE\gameengines\pygame-1.9.6\pygame-1.9.6\examples\midi.py",91,2,15,,,,,,,,7
Module File,"D:\drvm\PROJE\gameengines\pygame-1.9.6\pygame-1.9.6\examples\moveit.py",13,2,7,,,,,,,,4
Module File,"D:\drvm\PROJE\gameengines\pygame-1.9.6\pygame-1.9.6\examples\oldalien.py",36,2,16,,,,,,,,5
Module File,"D:\drvm\PROJE\gameengines\pygame-1.9.6\pygame-1.9.6\examples\overlay.py",10,3,6,,,,,,,,5
Module File,"D:\drvm\PROJE\gameengines\pygame-1.9.6\pygame-1.9.6\examples\pixelarray.py",8,2,4,,,,,,,,4
Module File,"D:\drvm\PROJE\gameengines\pygame-1.9.6\pygame-1.9.6\examples\playmus.py",23,2,10,,,,,,,,1
Module File,"D:\drvm\PROJE\gameengines\pygame-1.9.6\pygame-1.9.6\examples\prevent_display_stretching.py",11,11,11,,,,,,,,3
Module File,"D:\drvm\PROJE\gameengines\pygame-1.9.6\pygame-1.9.6\examples\scaletest.py",31,10,23,,,,,,,,1
Module File,"D:\drvm\PROJE\gameengines\pygame-1.9.6\pygame-1.9.6\examples\scrap_clipboard.py",16,8,15,,,,,,,,1
Module File,"D:\drvm\PROJE\gameengines\pygame-1.9.6\pygame-1.9.6\examples\scroll.py",33,6,15,,,,,,,,1
Module File,"D:\drvm\PROJE\gameengines\pygame-1.9.6\pygame-1.9.6\examples\sound.py",6,3,3,,,,,,,,1
Module File,"D:\drvm\PROJE\gameengines\pygame-1.9.6\pygame-1.9.6\examples\sound_array_demos.py",22,4,10,,,,,,,,1
Module File,"D:\drvm\PROJE\gameengines\pygame-1.9.6\pygame-1.9.6\examples\stars.py",15,2,5,,,,,,,,4
Module File,"D:\drvm\PROJE\gameengines\pygame-1.9.6\pygame-1.9.6\examples\testsprite.py",38,7,18,,,,,,,,1
Module File,"D:\drvm\PROJE\gameengines\pygame-1.9.6\pygame-1.9.6\examples\textinput.py",25,12,21,,,,,,,,12
Module File,"D:\drvm\PROJE\gameengines\pygame-1.9.6\pygame-1.9.6\examples\vgrade.py",11,2,4,,,,,,,,3
Module File,"D:\drvm\PROJE\gameengines\pygame-1.9.6\pygame-1.9.6\examples\video.py",19,9,18,,,,,,,,1
Module File,"D:\drvm\PROJE\gameengines\pygame-1.9.6\pygame-1.9.6\setup.py",109,5,47,,,,,,,,7
File,"D:\drvm\PROJE\gameengines\pygame-1.9.6\pygame-1.9.6\src_c\SDL_gfx\SDL_gfxPrimitives.c",668,8,81,,,,,,,,12
File,"D:\drvm\PROJE\gameengines\pygame-1.9.6\pygame-1.9.6\src_c\SDL_gfx\SDL_gfxPrimitives.h",0,0,0,,,,,,,,0
File,"D:\drvm\PROJE\gameengines\pygame-1.9.6\pygame-1.9.6\src_c\SDL_gfx\SDL_gfxPrimitives_font.h",0,0,0,,,,,,,,0
File,"D:\drvm\PROJE\gameengines\pygame-1.9.6\pygame-1.9.6\src_c\_camera.c",301,12,109,,,,,,,,9
File,"D:\drvm\PROJE\gameengines\pygame-1.9.6\pygame-1.9.6\src_c\_camera.h",0,0,0,,,,,,,,0
File,"D:\drvm\PROJE\gameengines\pygame-1.9.6\pygame-1.9.6\src_c\_freetype.c",289,5,31,,,,,,,,14
File,"D:\drvm\PROJE\gameengines\pygame-1.9.6\pygame-1.9.6\src_c\_pygame.h",0,0,0,,,,,,,,0
File,"D:\drvm\PROJE\gameengines\pygame-1.9.6\pygame-1.9.6\src_c\_sdl2\audio.c",0,0,0,,,,,,,,0
File,"D:\drvm\PROJE\gameengines\pygame-1.9.6\pygame-1.9.6\src_c\_sdl2\sdl2.c",0,0,0,,,,,,,,0
File,"D:\drvm\PROJE\gameengines\pygame-1.9.6\pygame-1.9.6\src_c\_sdl2\touch.c",22,4,6,,,,,,,,5
File,"D:\drvm\PROJE\gameengines\pygame-1.9.6\pygame-1.9.6\src_c\_sdl2\video.c",0,0,0,,,,,,,,0
File,"D:\drvm\PROJE\gameengines\pygame-1.9.6\pygame-1.9.6\src_c\_surface.h",0,0,0,,,,,,,,0
File,"D:\drvm\PROJE\gameengines\pygame-1.9.6\pygame-1.9.6\src_c\alphablit.c",3114,183,289,,,,,,,,4
File,"D:\drvm\PROJE\gameengines\pygame-1.9.6\pygame-1.9.6\src_c\base.c",342,6,39,,,,,,,,28
File,"D:\drvm\PROJE\gameengines\pygame-1.9.6\pygame-1.9.6\src_c\bitmask.c",207,13,37,,,,,,,,21
File,"D:\drvm\PROJE\gameengines\pygame-1.9.6\pygame-1.9.6\src_c\bitmask.h",3,1,1,,,,,,,,1
File,"D:\drvm\PROJE\gameengines\pygame-1.9.6\pygame-1.9.6\src_c\bufferproxy.c",103,3,9,,,,,,,,6
File,"D:\drvm\PROJE\gameengines\pygame-1.9.6\pygame-1.9.6\src_c\camera.h",0,0,0,,,,,,,,0
File,"D:\drvm\PROJE\gameengines\pygame-1.9.6\pygame-1.9.6\src_c\camera_v4l2.c",0,0,0,,,,,,,,0
File,"D:\drvm\PROJE\gameengines\pygame-1.9.6\pygame-1.9.6\src_c\cdrom.c",105,4,14,,,,,,,,9
File,"D:\drvm\PROJE\gameengines\pygame-1.9.6\pygame-1.9.6\src_c\color.c",286,5,33,,,,,,,,33
File,"D:\drvm\PROJE\gameengines\pygame-1.9.6\pygame-1.9.6\src_c\constants.c",273,273,273,,,,,,,,273
File,"D:\drvm\PROJE\gameengines\pygame-1.9.6\pygame-1.9.6\src_c\display.c",187,5,22,,,,,,,,18
File,"D:\drvm\PROJE\gameengines\pygame-1.9.6\pygame-1.9.6\src_c\doc\bufferproxy_doc.h",0,0,0,,,,,,,,0
File,"D:\drvm\PROJE\gameengines\pygame-1.9.6\pygame-1.9.6\src_c\doc\camera_doc.h",0,0,0,,,,,,,,0
File,"D:\drvm\PROJE\gameengines\pygame-1.9.6\pygame-1.9.6\src_c\doc\cdrom_doc.h",0,0,0,,,,,,,,0
File,"D:\drvm\PROJE\gameengines\pygame-1.9.6\pygame-1.9.6\src_c\doc\color_doc.h",0,0,0,,,,,,,,0
File,"D:\drvm\PROJE\gameengines\pygame-1.9.6\pygame-1.9.6\src_c\doc\cursors_doc.h",0,0,0,,,,,,,,0
File,"D:\drvm\PROJE\gameengines\pygame-1.9.6\pygame-1.9.6\src_c\doc\display_doc.h",0,0,0,,,,,,,,0
File,"D:\drvm\PROJE\gameengines\pygame-1.9.6\pygame-1.9.6\src_c\doc\draw_doc.h",0,0,0,,,,,,,,0
File,"D:\drvm\PROJE\gameengines\pygame-1.9.6\pygame-1.9.6\src_c\doc\event_doc.h",0,0,0,,,,,,,,0
File,"D:\drvm\PROJE\gameengines\pygame-1.9.6\pygame-1.9.6\src_c\doc\examples_doc.h",0,0,0,,,,,,,,0
File,"D:\drvm\PROJE\gameengines\pygame-1.9.6\pygame-1.9.6\src_c\doc\font_doc.h",0,0,0,,,,,,,,0
File,"D:\drvm\PROJE\gameengines\pygame-1.9.6\pygame-1.9.6\src_c\doc\freetype_doc.h",0,0,0,,,,,,,,0
File,"D:\drvm\PROJE\gameengines\pygame-1.9.6\pygame-1.9.6\src_c\doc\gfxdraw_doc.h",0,0,0,,,,,,,,0
File,"D:\drvm\PROJE\gameengines\pygame-1.9.6\pygame-1.9.6\src_c\doc\image_doc.h",0,0,0,,,,,,,,0
File,"D:\drvm\PROJE\gameengines\pygame-1.9.6\pygame-1.9.6\src_c\doc\joystick_doc.h",0,0,0,,,,,,,,0
File,"D:\drvm\PROJE\gameengines\pygame-1.9.6\pygame-1.9.6\src_c\doc\key_doc.h",0,0,0,,,,,,,,0
File,"D:\drvm\PROJE\gameengines\pygame-1.9.6\pygame-1.9.6\src_c\doc\locals_doc.h",0,0,0,,,,,,,,0
File,"D:\drvm\PROJE\gameengines\pygame-1.9.6\pygame-1.9.6\src_c\doc\mask_doc.h",0,0,0,,,,,,,,0
File,"D:\drvm\PROJE\gameengines\pygame-1.9.6\pygame-1.9.6\src_c\doc\math_doc.h",0,0,0,,,,,,,,0
File,"D:\drvm\PROJE\gameengines\pygame-1.9.6\pygame-1.9.6\src_c\doc\midi_doc.h",0,0,0,,,,,,,,0
File,"D:\drvm\PROJE\gameengines\pygame-1.9.6\pygame-1.9.6\src_c\doc\mixer_doc.h",0,0,0,,,,,,,,0
File,"D:\drvm\PROJE\gameengines\pygame-1.9.6\pygame-1.9.6\src_c\doc\mouse_doc.h",0,0,0,,,,,,,,0
File,"D:\drvm\PROJE\gameengines\pygame-1.9.6\pygame-1.9.6\src_c\doc\movie_doc.h",0,0,0,,,,,,,,0
File,"D:\drvm\PROJE\gameengines\pygame-1.9.6\pygame-1.9.6\src_c\doc\music_doc.h",0,0,0,,,,,,,,0
File,"D:\drvm\PROJE\gameengines\pygame-1.9.6\pygame-1.9.6\src_c\doc\overlay_doc.h",0,0,0,,,,,,,,0
File,"D:\drvm\PROJE\gameengines\pygame-1.9.6\pygame-1.9.6\src_c\doc\pixelarray_doc.h",0,0,0,,,,,,,,0
File,"D:\drvm\PROJE\gameengines\pygame-1.9.6\pygame-1.9.6\src_c\doc\pixelcopy_doc.h",0,0,0,,,,,,,,0
File,"D:\drvm\PROJE\gameengines\pygame-1.9.6\pygame-1.9.6\src_c\doc\pygame_doc.h",0,0,0,,,,,,,,0
File,"D:\drvm\PROJE\gameengines\pygame-1.9.6\pygame-1.9.6\src_c\doc\rect_doc.h",0,0,0,,,,,,,,0
File,"D:\drvm\PROJE\gameengines\pygame-1.9.6\pygame-1.9.6\src_c\doc\scrap_doc.h",0,0,0,,,,,,,,0
File,"D:\drvm\PROJE\gameengines\pygame-1.9.6\pygame-1.9.6\src_c\doc\sndarray_doc.h",0,0,0,,,,,,,,0
File,"D:\drvm\PROJE\gameengines\pygame-1.9.6\pygame-1.9.6\src_c\doc\sprite_doc.h",0,0,0,,,,,,,,0
File,"D:\drvm\PROJE\gameengines\pygame-1.9.6\pygame-1.9.6\src_c\doc\surface_doc.h",0,0,0,,,,,,,,0
File,"D:\drvm\PROJE\gameengines\pygame-1.9.6\pygame-1.9.6\src_c\doc\surfarray_doc.h",0,0,0,,,,,,,,0
File,"D:\drvm\PROJE\gameengines\pygame-1.9.6\pygame-1.9.6\src_c\doc\tests_doc.h",0,0,0,,,,,,,,0
File,"D:\drvm\PROJE\gameengines\pygame-1.9.6\pygame-1.9.6\src_c\doc\time_doc.h",0,0,0,,,,,,,,0
File,"D:\drvm\PROJE\gameengines\pygame-1.9.6\pygame-1.9.6\src_c\doc\touch_doc.h",0,0,0,,,,,,,,0
File,"D:\drvm\PROJE\gameengines\pygame-1.9.6\pygame-1.9.6\src_c\doc\transform_doc.h",0,0,0,,,,,,,,0
File,"D:\drvm\PROJE\gameengines\pygame-1.9.6\pygame-1.9.6\src_c\draw.c",375,12,46,,,,,,,,13
File,"D:\drvm\PROJE\gameengines\pygame-1.9.6\pygame-1.9.6\src_c\event.c",177,6,30,,,,,,,,18
File,"D:\drvm\PROJE\gameengines\pygame-1.9.6\pygame-1.9.6\src_c\fastevent.c",43,5,14,,,,,,,,8
File,"D:\drvm\PROJE\gameengines\pygame-1.9.6\pygame-1.9.6\src_c\fastevents.c",16,2,5,,,,,,,,4
File,"D:\drvm\PROJE\gameengines\pygame-1.9.6\pygame-1.9.6\src_c\fastevents.h",0,0,0,,,,,,,,0
File,"D:\drvm\PROJE\gameengines\pygame-1.9.6\pygame-1.9.6\src_c\font.c",133,5,28,,,,,,,,13
File,"D:\drvm\PROJE\gameengines\pygame-1.9.6\pygame-1.9.6\src_c\font.h",0,0,0,,,,,,,,0
File,"D:\drvm\PROJE\gameengines\pygame-1.9.6\pygame-1.9.6\src_c\freetype.h",0,0,0,,,,,,,,0
File,"D:\drvm\PROJE\gameengines\pygame-1.9.6\pygame-1.9.6\src_c\freetype\ft_cache.c",31,3,5,,,,,,,,5
File,"D:\drvm\PROJE\gameengines\pygame-1.9.6\pygame-1.9.6\src_c\freetype\ft_layout.c",91,6,19,,,,,,,,10
File,"D:\drvm\PROJE\gameengines\pygame-1.9.6\pygame-1.9.6\src_c\freetype\ft_pixel.h",0,0,0,,,,,,,,0
File,"D:\drvm\PROJE\gameengines\pygame-1.9.6\pygame-1.9.6\src_c\freetype\ft_render.c",104,10,28,,,,,,,,14
File,"D:\drvm\PROJE\gameengines\pygame-1.9.6\pygame-1.9.6\src_c\freetype\ft_render_cb.c",317,17,24,,,,,,,,1
File,"D:\drvm\PROJE\gameengines\pygame-1.9.6\pygame-1.9.6\src_c\freetype\ft_unicode.c",18,9,16,,,,,,,,11
File,"D:\drvm\PROJE\gameengines\pygame-1.9.6\pygame-1.9.6\src_c\freetype\ft_wrap.c",75,3,6,,,,,,,,6
File,"D:\drvm\PROJE\gameengines\pygame-1.9.6\pygame-1.9.6\src_c\freetype\ft_wrap.h",0,0,0,,,,,,,,0
File,"D:\drvm\PROJE\gameengines\pygame-1.9.6\pygame-1.9.6\src_c\gfxdraw.c",181,7,22,,,,,,,,12
File,"D:\drvm\PROJE\gameengines\pygame-1.9.6\pygame-1.9.6\src_c\image.c",255,23,114,,,,,,,,19
File,"D:\drvm\PROJE\gameengines\pygame-1.9.6\pygame-1.9.6\src_c\imageext.c",57,11,18,,,,,,,,13
File,"D:\drvm\PROJE\gameengines\pygame-1.9.6\pygame-1.9.6\src_c\joystick.c",74,3,10,,,,,,,,7
File,"D:\drvm\PROJE\gameengines\pygame-1.9.6\pygame-1.9.6\src_c\key.c",30,3,6,,,,,,,,5
File,"D:\drvm\PROJE\gameengines\pygame-1.9.6\pygame-1.9.6\src_c\mask.c",240,8,34,,,,,,,,19
File,"D:\drvm\PROJE\gameengines\pygame-1.9.6\pygame-1.9.6\src_c\mask.h",0,0,0,,,,,,,,0
File,"D:\drvm\PROJE\gameengines\pygame-1.9.6\pygame-1.9.6\src_c\math.c",528,5,51,,,,,,,,41
File,"D:\drvm\PROJE\gameengines\pygame-1.9.6\pygame-1.9.6\src_c\mixer.c",292,5,36,,,,,,,,26
File,"D:\drvm\PROJE\gameengines\pygame-1.9.6\pygame-1.9.6\src_c\mixer.h",0,0,0,,,,,,,,0
File,"D:\drvm\PROJE\gameengines\pygame-1.9.6\pygame-1.9.6\src_c\mouse.c",39,4,12,,,,,,,,10
File,"D:\drvm\PROJE\gameengines\pygame-1.9.6\pygame-1.9.6\src_c\music.c",70,4,14,,,,,,,,8
File,"D:\drvm\PROJE\gameengines\pygame-1.9.6\pygame-1.9.6\src_c\newbuffer.c",135,3,12,,,,,,,,8
File,"D:\drvm\PROJE\gameengines\pygame-1.9.6\pygame-1.9.6\src_c\overlay.c",29,5,12,,,,,,,,6
File,"D:\drvm\PROJE\gameengines\pygame-1.9.6\pygame-1.9.6\src_c\palette.h",0,0,0,,,,,,,,0
File,"D:\drvm\PROJE\gameengines\pygame-1.9.6\pygame-1.9.6\src_c\pgarrinter.h",0,0,0,,,,,,,,0
File,"D:\drvm\PROJE\gameengines\pygame-1.9.6\pygame-1.9.6\src_c\pgbufferproxy.h",0,0,0,,,,,,,,0
File,"D:\drvm\PROJE\gameengines\pygame-1.9.6\pygame-1.9.6\src_c\pgcompat.h",0,0,0,,,,,,,,0
File,"D:\drvm\PROJE\gameengines\pygame-1.9.6\pygame-1.9.6\src_c\pgopengl.h",0,0,0,,,,,,,,0
File,"D:\drvm\PROJE\gameengines\pygame-1.9.6\pygame-1.9.6\src_c\pixelarray.c",285,9,30,,,,,,,,27
File,"D:\drvm\PROJE\gameengines\pygame-1.9.6\pygame-1.9.6\src_c\pixelarray_methods.c",158,13,37,,,,,,,,9
File,"D:\drvm\PROJE\gameengines\pygame-1.9.6\pygame-1.9.6\src_c\pixelcopy.c",247,22,92,,,,,,,,42
File,"D:\drvm\PROJE\gameengines\pygame-1.9.6\pygame-1.9.6\src_c\pygame.h",0,0,0,,,,,,,,0
File,"D:\drvm\PROJE\gameengines\pygame-1.9.6\pygame-1.9.6\src_c\pypm.c",0,0,0,,,,,,,,0
File,"D:\drvm\PROJE\gameengines\pygame-1.9.6\pygame-1.9.6\src_c\rect.c",273,4,20,,,,,,,,20
File,"D:\drvm\PROJE\gameengines\pygame-1.9.6\pygame-1.9.6\src_c\rotozoom.c",71,12,31,,,,,,,,3
File,"D:\drvm\PROJE\gameengines\pygame-1.9.6\pygame-1.9.6\src_c\rwobject.c",79,5,12,,,,,,,,8
File,"D:\drvm\PROJE\gameengines\pygame-1.9.6\pygame-1.9.6\src_c\scale.h",0,0,0,,,,,,,,0
File,"D:\drvm\PROJE\gameengines\pygame-1.9.6\pygame-1.9.6\src_c\scale2x.c",52,52,52,,,,,,,,1
File,"D:\drvm\PROJE\gameengines\pygame-1.9.6\pygame-1.9.6\src_c\scale_mmx.c",0,0,0,,,,,,,,0
File,"D:\drvm\PROJE\gameengines\pygame-1.9.6\pygame-1.9.6\src_c\scale_mmx32.c",24,3,7,,,,,,,,1
File,"D:\drvm\PROJE\gameengines\pygame-1.9.6\pygame-1.9.6\src_c\scale_mmx64.c",24,3,7,,,,,,,,1
File,"D:\drvm\PROJE\gameengines\pygame-1.9.6\pygame-1.9.6\src_c\scale_mmx64_gcc.c",14,2,3,,,,,,,,1
File,"D:\drvm\PROJE\gameengines\pygame-1.9.6\pygame-1.9.6\src_c\scale_mmx64_msvc.c",14,4,5,,,,,,,,1
File,"D:\drvm\PROJE\gameengines\pygame-1.9.6\pygame-1.9.6\src_c\scrap.c",44,4,9,,,,,,,,8
File,"D:\drvm\PROJE\gameengines\pygame-1.9.6\pygame-1.9.6\src_c\scrap.h",0,0,0,,,,,,,,0
File,"D:\drvm\PROJE\gameengines\pygame-1.9.6\pygame-1.9.6\src_c\scrap_mac.c",11,1,4,,,,,,,,3
File,"D:\drvm\PROJE\gameengines\pygame-1.9.6\pygame-1.9.6\src_c\scrap_qnx.c",25,4,10,,,,,,,,6
File,"D:\drvm\PROJE\gameengines\pygame-1.9.6\pygame-1.9.6\src_c\scrap_win.c",58,6,14,,,,,,,,13
File,"D:\drvm\PROJE\gameengines\pygame-1.9.6\pygame-1.9.6\src_c\scrap_x11.c",97,6,25,,,,,,,,18
File,"D:\drvm\PROJE\gameengines\pygame-1.9.6\pygame-1.9.6\src_c\surface.c",554,8,34,,,,,,,,29
File,"D:\drvm\PROJE\gameengines\pygame-1.9.6\pygame-1.9.6\src_c\surface.h",0,0,0,,,,,,,,0
File,"D:\drvm\PROJE\gameengines\pygame-1.9.6\pygame-1.9.6\src_c\surface_fill.c",848,71,97,,,,,,,,9
File,"D:\drvm\PROJE\gameengines\pygame-1.9.6\pygame-1.9.6\src_c\surflock.c",38,4,13,,,,,,,,6
File,"D:\drvm\PROJE\gameengines\pygame-1.9.6\pygame-1.9.6\src_c\time.c",58,4,11,,,,,,,,6
File,"D:\drvm\PROJE\gameengines\pygame-1.9.6\pygame-1.9.6\src_c\transform.c",425,13,63,,,,,,,,15
File,"D:\drvm\PROJE\gameengines\pygame-1.9.6\pygame-1.9.6\src_py\__init__.py",59,5,39,,,,,,,,1
Module File,"D:\drvm\PROJE\gameengines\pygame-1.9.6\pygame-1.9.6\src_py\_camera_opencv_highgui.py",18,1,4,,,,,,,,3
Module File,"D:\drvm\PROJE\gameengines\pygame-1.9.6\pygame-1.9.6\src_py\_camera_vidcapture.py",20,1,3,,,,,,,,1
Module File,"D:\drvm\PROJE\gameengines\pygame-1.9.6\pygame-1.9.6\src_py\_dummybackend.py",7,1,1,,,,,,,,1
Module File,"D:\drvm\PROJE\gameengines\pygame-1.9.6\pygame-1.9.6\src_py\_numpysndarray.py",4,1,1,,,,,,,,1
Module File,"D:\drvm\PROJE\gameengines\pygame-1.9.6\pygame-1.9.6\src_py\_numpysurfarray.py",26,1,3,,,,,,,,3
File,"D:\drvm\PROJE\gameengines\pygame-1.9.6\pygame-1.9.6\src_py\_sdl2\__init__.py",0,0,0,,,,,,,,0
Module File,"D:\drvm\PROJE\gameengines\pygame-1.9.6\pygame-1.9.6\src_py\camera.py",27,2,13,,,,,,,,1
Module File,"D:\drvm\PROJE\gameengines\pygame-1.9.6\pygame-1.9.6\src_py\colordict.py",2,2,2,,,,,,,,1
Module File,"D:\drvm\PROJE\gameengines\pygame-1.9.6\pygame-1.9.6\src_py\compat.py",15,1,4,,,,,,,,1
Module File,"D:\drvm\PROJE\gameengines\pygame-1.9.6\pygame-1.9.6\src_py\cursors.py",27,6,14,,,,,,,,9
Module File,"D:\drvm\PROJE\gameengines\pygame-1.9.6\pygame-1.9.6\src_py\draw_py.py",91,3,12,,,,,,,,7
Module File,"D:\drvm\PROJE\gameengines\pygame-1.9.6\pygame-1.9.6\src_py\freetype.py",4,1,2,,,,,,,,1
Module File,"D:\drvm\PROJE\gameengines\pygame-1.9.6\pygame-1.9.6\src_py\ftfont.py",28,1,7,,,,,,,,3
File,"D:\drvm\PROJE\gameengines\pygame-1.9.6\pygame-1.9.6\src_py\gp2x\__init__.py",4,2,3,,,,,,,,1
Module File,"D:\drvm\PROJE\gameengines\pygame-1.9.6\pygame-1.9.6\src_py\gp2x\constants.py",1,1,1,,,,,,,,1
Module File,"D:\drvm\PROJE\gameengines\pygame-1.9.6\pygame-1.9.6\src_py\gp2x\locals.py",0,0,0,,,,,,,,0
Module File,"D:\drvm\PROJE\gameengines\pygame-1.9.6\pygame-1.9.6\src_py\locals.py",1,1,1,,,,,,,,1
Module File,"D:\drvm\PROJE\gameengines\pygame-1.9.6\pygame-1.9.6\src_py\macosx.py",7,3,6,,,,,,,,1
Module File,"D:\drvm\PROJE\gameengines\pygame-1.9.6\pygame-1.9.6\src_py\midi.py",64,2,8,,,,,,,,8
Module File,"D:\drvm\PROJE\gameengines\pygame-1.9.6\pygame-1.9.6\src_py\pkgdata.py",10,2,6,,,,,,,,6
Module File,"D:\drvm\PROJE\gameengines\pygame-1.9.6\pygame-1.9.6\src_py\sndarray.py",8,1,2,,,,,,,,1
Module File,"D:\drvm\PROJE\gameengines\pygame-1.9.6\pygame-1.9.6\src_py\sprite.py",227,2,23,,,,,,,,10
Module File,"D:\drvm\PROJE\gameengines\pygame-1.9.6\pygame-1.9.6\src_py\surfarray.py",18,1,2,,,,,,,,1
Module File,"D:\drvm\PROJE\gameengines\pygame-1.9.6\pygame-1.9.6\src_py\sysfont.py",83,5,15,,,,,,,,8
Module File,"D:\drvm\PROJE\gameengines\pygame-1.9.6\pygame-1.9.6\src_py\threads\Py25Queue.py",35,2,8,,,,,,,,7
File,"D:\drvm\PROJE\gameengines\pygame-1.9.6\pygame-1.9.6\src_py\threads\__init__.py",44,3,13,,,,,,,,12
Module File,"D:\drvm\PROJE\gameengines\pygame-1.9.6\pygame-1.9.6\src_py\version.py",4,1,1,,,,,,,,1
File,"D:\drvm\PROJE\gameengines\pygame-1.9.6\pygame-1.9.6\test\__init__.py",5,5,5,,,,,,,,1
Module File,"D:\drvm\PROJE\gameengines\pygame-1.9.6\pygame-1.9.6\test\__main__.py",19,19,19,,,,,,,,1
Module File,"D:\drvm\PROJE\gameengines\pygame-1.9.6\pygame-1.9.6\test\base_test.py",62,1,6,,,,,,,,1
Module File,"D:\drvm\PROJE\gameengines\pygame-1.9.6\pygame-1.9.6\test\blit_test.py",18,1,6,,,,,,,,1
Module File,"D:\drvm\PROJE\gameengines\pygame-1.9.6\pygame-1.9.6\test\bufferproxy_test.py",32,1,3,,,,,,,,3
Module File,"D:\drvm\PROJE\gameengines\pygame-1.9.6\pygame-1.9.6\test\camera_test.py",0,0,0,,,,,,,,0
Module File,"D:\drvm\PROJE\gameengines\pygame-1.9.6\pygame-1.9.6\test\cdrom_tags.py",1,1,1,,,,,,,,1
Module File,"D:\drvm\PROJE\gameengines\pygame-1.9.6\pygame-1.9.6\test\cdrom_test.py",34,1,2,,,,,,,,1
Module File,"D:\drvm\PROJE\gameengines\pygame-1.9.6\pygame-1.9.6\test\color_test.py",91,1,4,,,,,,,,1
Module File,"D:\drvm\PROJE\gameengines\pygame-1.9.6\pygame-1.9.6\test\compat_test.py",16,1,2,,,,,,,,1
Module File,"D:\drvm\PROJE\gameengines\pygame-1.9.6\pygame-1.9.6\test\constants_test.py",10,2,2,,,,,,,,1
Module File,"D:\drvm\PROJE\gameengines\pygame-1.9.6\pygame-1.9.6\test\cursors_test.py",6,2,3,,,,,,,,1
Module File,"D:\drvm\PROJE\gameengines\pygame-1.9.6\pygame-1.9.6\test\display_test.py",36,1,4,,,,,,,,1
Module File,"D:\drvm\PROJE\gameengines\pygame-1.9.6\pygame-1.9.6\test\draw_test.py",140,2,9,,,,,,,,1
Module File,"D:\drvm\PROJE\gameengines\pygame-1.9.6\pygame-1.9.6\test\event_test.py",41,1,3,,,,,,,,1
Module File,"D:\drvm\PROJE\gameengines\pygame-1.9.6\pygame-1.9.6\test\fastevent_tags.py",1,1,1,,,,,,,,1
Module File,"D:\drvm\PROJE\gameengines\pygame-1.9.6\pygame-1.9.6\test\fastevent_test.py",17,1,3,,,,,,,,1
Module File,"D:\drvm\PROJE\gameengines\pygame-1.9.6\pygame-1.9.6\test\font_tags.py",1,1,1,,,,,,,,1
Module File,"D:\drvm\PROJE\gameengines\pygame-1.9.6\pygame-1.9.6\test\font_test.py",79,1,14,,,,,,,,9
Module File,"D:\drvm\PROJE\gameengines\pygame-1.9.6\pygame-1.9.6\test\freetype_tags.py",3,3,3,,,,,,,,1
Module File,"D:\drvm\PROJE\gameengines\pygame-1.9.6\pygame-1.9.6\test\freetype_test.py",86,1,7,,,,,,,,1
Module File,"D:\drvm\PROJE\gameengines\pygame-1.9.6\pygame-1.9.6\test\ftfont_tags.py",3,3,3,,,,,,,,1
Module File,"D:\drvm\PROJE\gameengines\pygame-1.9.6\pygame-1.9.6\test\ftfont_test.py",4,4,4,,,,,,,,1
Module File,"D:\drvm\PROJE\gameengines\pygame-1.9.6\pygame-1.9.6\test\gfxdraw_test.py",116,3,6,,,,,,,,1
Module File,"D:\drvm\PROJE\gameengines\pygame-1.9.6\pygame-1.9.6\test\image__save_gl_surface_test.py",3,1,2,,,,,,,,1
Module File,"D:\drvm\PROJE\gameengines\pygame-1.9.6\pygame-1.9.6\test\image_tags.py",2,2,2,,,,,,,,1
Module File,"D:\drvm\PROJE\gameengines\pygame-1.9.6\pygame-1.9.6\test\image_test.py",59,1,4,,,,,,,,4
Module File,"D:\drvm\PROJE\gameengines\pygame-1.9.6\pygame-1.9.6\test\imageext_tags.py",2,2,2,,,,,,,,1
Module File,"D:\drvm\PROJE\gameengines\pygame-1.9.6\pygame-1.9.6\test\imageext_test.py",16,1,3,,,,,,,,1
Module File,"D:\drvm\PROJE\gameengines\pygame-1.9.6\pygame-1.9.6\test\joystick_test.py",7,1,2,,,,,,,,1
Module File,"D:\drvm\PROJE\gameengines\pygame-1.9.6\pygame-1.9.6\test\key_test.py",12,1,2,,,,,,,,1
Module File,"D:\drvm\PROJE\gameengines\pygame-1.9.6\pygame-1.9.6\test\mask_test.py",224,2,11,,,,,,,,4
Module File,"D:\drvm\PROJE\gameengines\pygame-1.9.6\pygame-1.9.6\test\math_test.py",140,1,4,,,,,,,,1
Module File,"D:\drvm\PROJE\gameengines\pygame-1.9.6\pygame-1.9.6\test\midi_tags.py",1,1,1,,,,,,,,1
Module File,"D:\drvm\PROJE\gameengines\pygame-1.9.6\pygame-1.9.6\test\midi_test.py",56,1,4,,,,,,,,1
Module File,"D:\drvm\PROJE\gameengines\pygame-1.9.6\pygame-1.9.6\test\mixer_music_tags.py",2,2,2,,,,,,,,1
Module File,"D:\drvm\PROJE\gameengines\pygame-1.9.6\pygame-1.9.6\test\mixer_music_test.py",29,1,3,,,,,,,,1
Module File,"D:\drvm\PROJE\gameengines\pygame-1.9.6\pygame-1.9.6\test\mixer_tags.py",2,2,2,,,,,,,,1
Module File,"D:\drvm\PROJE\gameengines\pygame-1.9.6\pygame-1.9.6\test\mixer_test.py",105,1,15,,,,,,,,5
Module File,"D:\drvm\PROJE\gameengines\pygame-1.9.6\pygame-1.9.6\test\mouse_test.py",10,1,2,,,,,,,,1
Module File,"D:\drvm\PROJE\gameengines\pygame-1.9.6\pygame-1.9.6\test\overlay_tags.py",1,1,1,,,,,,,,1
Module File,"D:\drvm\PROJE\gameengines\pygame-1.9.6\pygame-1.9.6\test\overlay_test.py",5,1,2,,,,,,,,1
Module File,"D:\drvm\PROJE\gameengines\pygame-1.9.6\pygame-1.9.6\test\pixelarray_test.py",108,2,9,,,,,,,,1
Module File,"D:\drvm\PROJE\gameengines\pygame-1.9.6\pygame-1.9.6\test\pixelcopy_test.py",101,3,12,,,,,,,,8
Module File,"D:\drvm\PROJE\gameengines\pygame-1.9.6\pygame-1.9.6\test\rect_test.py",61,1,2,,,,,,,,1
File,"D:\drvm\PROJE\gameengines\pygame-1.9.6\pygame-1.9.6\test\run_tests__tests\__init__.py",0,0,0,,,,,,,,0
File,"D:\drvm\PROJE\gameengines\pygame-1.9.6\pygame-1.9.6\test\run_tests__tests\all_ok\__init__.py",0,0,0,,,,,,,,0
Module File,"D:\drvm\PROJE\gameengines\pygame-1.9.6\pygame-1.9.6\test\run_tests__tests\all_ok\fake_2_test.py",10,1,4,,,,,,,,1
Module File,"D:\drvm\PROJE\gameengines\pygame-1.9.6\pygame-1.9.6\test\run_tests__tests\all_ok\fake_3_test.py",10,1,4,,,,,,,,1
Module File,"D:\drvm\PROJE\gameengines\pygame-1.9.6\pygame-1.9.6\test\run_tests__tests\all_ok\fake_4_test.py",10,1,4,,,,,,,,1
Module File,"D:\drvm\PROJE\gameengines\pygame-1.9.6\pygame-1.9.6\test\run_tests__tests\all_ok\fake_5_test.py",10,1,4,,,,,,,,1
Module File,"D:\drvm\PROJE\gameengines\pygame-1.9.6\pygame-1.9.6\test\run_tests__tests\all_ok\fake_6_test.py",10,1,4,,,,,,,,1
Module File,"D:\drvm\PROJE\gameengines\pygame-1.9.6\pygame-1.9.6\test\run_tests__tests\all_ok\no_assertions__ret_code_of_1__test.py",10,1,4,,,,,,,,1
Module File,"D:\drvm\PROJE\gameengines\pygame-1.9.6\pygame-1.9.6\test\run_tests__tests\all_ok\zero_tests_test.py",4,4,4,,,,,,,,1
File,"D:\drvm\PROJE\gameengines\pygame-1.9.6\pygame-1.9.6\test\run_tests__tests\everything\__init__.py",0,0,0,,,,,,,,0
Module File,"D:\drvm\PROJE\gameengines\pygame-1.9.6\pygame-1.9.6\test\run_tests__tests\everything\fake_2_test.py",10,1,4,,,,,,,,1
Module File,"D:\drvm\PROJE\gameengines\pygame-1.9.6\pygame-1.9.6\test\run_tests__tests\everything\incomplete_todo_test.py",10,1,4,,,,,,,,1
Module File,"D:\drvm\PROJE\gameengines\pygame-1.9.6\pygame-1.9.6\test\run_tests__tests\everything\magic_tag_test.py",9,1,4,,,,,,,,1
Module File,"D:\drvm\PROJE\gameengines\pygame-1.9.6\pygame-1.9.6\test\run_tests__tests\everything\sleep_test.py",6,3,4,,,,,,,,1
File,"D:\drvm\PROJE\gameengines\pygame-1.9.6\pygame-1.9.6\test\run_tests__tests\exclude\__init__.py",0,0,0,,,,,,,,0
Module File,"D:\drvm\PROJE\gameengines\pygame-1.9.6\pygame-1.9.6\test\run_tests__tests\exclude\fake_2_test.py",10,1,4,,,,,,,,1
Module File,"D:\drvm\PROJE\gameengines\pygame-1.9.6\pygame-1.9.6\test\run_tests__tests\exclude\invisible_tag_test.py",10,1,4,,,,,,,,1
Module File,"D:\drvm\PROJE\gameengines\pygame-1.9.6\pygame-1.9.6\test\run_tests__tests\exclude\magic_tag_test.py",9,1,4,,,,,,,,1
File,"D:\drvm\PROJE\gameengines\pygame-1.9.6\pygame-1.9.6\test\run_tests__tests\failures1\__init__.py",0,0,0,,,,,,,,0
Module File,"D:\drvm\PROJE\gameengines\pygame-1.9.6\pygame-1.9.6\test\run_tests__tests\failures1\fake_2_test.py",10,1,4,,,,,,,,1
Module File,"D:\drvm\PROJE\gameengines\pygame-1.9.6\pygame-1.9.6\test\run_tests__tests\failures1\fake_3_test.py",10,1,4,,,,,,,,1
Module File,"D:\drvm\PROJE\gameengines\pygame-1.9.6\pygame-1.9.6\test\run_tests__tests\failures1\fake_4_test.py",12,1,4,,,,,,,,1
File,"D:\drvm\PROJE\gameengines\pygame-1.9.6\pygame-1.9.6\test\run_tests__tests\incomplete\__init__.py",0,0,0,,,,,,,,0
Module File,"D:\drvm\PROJE\gameengines\pygame-1.9.6\pygame-1.9.6\test\run_tests__tests\incomplete\fake_2_test.py",10,1,4,,,,,,,,1
Module File,"D:\drvm\PROJE\gameengines\pygame-1.9.6\pygame-1.9.6\test\run_tests__tests\incomplete\fake_3_test.py",10,1,4,,,,,,,,1
File,"D:\drvm\PROJE\gameengines\pygame-1.9.6\pygame-1.9.6\test\run_tests__tests\incomplete_todo\__init__.py",0,0,0,,,,,,,,0
Module File,"D:\drvm\PROJE\gameengines\pygame-1.9.6\pygame-1.9.6\test\run_tests__tests\incomplete_todo\fake_2_test.py",10,1,4,,,,,,,,1
Module File,"D:\drvm\PROJE\gameengines\pygame-1.9.6\pygame-1.9.6\test\run_tests__tests\incomplete_todo\fake_3_test.py",10,1,4,,,,,,,,1
File,"D:\drvm\PROJE\gameengines\pygame-1.9.6\pygame-1.9.6\test\run_tests__tests\infinite_loop\__init__.py",0,0,0,,,,,,,,0
Module File,"D:\drvm\PROJE\gameengines\pygame-1.9.6\pygame-1.9.6\test\run_tests__tests\infinite_loop\fake_1_test.py",11,1,4,,,,,,,,1
Module File,"D:\drvm\PROJE\gameengines\pygame-1.9.6\pygame-1.9.6\test\run_tests__tests\infinite_loop\fake_2_test.py",10,1,4,,,,,,,,1
File,"D:\drvm\PROJE\gameengines\pygame-1.9.6\pygame-1.9.6\test\run_tests__tests\print_stderr\__init__.py",0,0,0,,,,,,,,0
Module File,"D:\drvm\PROJE\gameengines\pygame-1.9.6\pygame-1.9.6\test\run_tests__tests\print_stderr\fake_2_test.py",10,1,4,,,,,,,,1
Module File,"D:\drvm\PROJE\gameengines\pygame-1.9.6\pygame-1.9.6\test\run_tests__tests\print_stderr\fake_3_test.py",10,1,4,,,,,,,,1
Module File,"D:\drvm\PROJE\gameengines\pygame-1.9.6\pygame-1.9.6\test\run_tests__tests\print_stderr\fake_4_test.py",12,1,4,,,,,,,,1
File,"D:\drvm\PROJE\gameengines\pygame-1.9.6\pygame-1.9.6\test\run_tests__tests\print_stdout\__init__.py",0,0,0,,,,,,,,0
Module File,"D:\drvm\PROJE\gameengines\pygame-1.9.6\pygame-1.9.6\test\run_tests__tests\print_stdout\fake_2_test.py",10,1,4,,,,,,,,1
Module File,"D:\drvm\PROJE\gameengines\pygame-1.9.6\pygame-1.9.6\test\run_tests__tests\print_stdout\fake_3_test.py",10,1,4,,,,,,,,1
Module File,"D:\drvm\PROJE\gameengines\pygame-1.9.6\pygame-1.9.6\test\run_tests__tests\print_stdout\fake_4_test.py",12,1,4,,,,,,,,1
Module File,"D:\drvm\PROJE\gameengines\pygame-1.9.6\pygame-1.9.6\test\run_tests__tests\run_tests__test.py",16,2,5,,,,,,,,1
File,"D:\drvm\PROJE\gameengines\pygame-1.9.6\pygame-1.9.6\test\run_tests__tests\timeout\__init__.py",0,0,0,,,,,,,,0
Module File,"D:\drvm\PROJE\gameengines\pygame-1.9.6\pygame-1.9.6\test\run_tests__tests\timeout\fake_2_test.py",10,1,4,,,,,,,,1
Module File,"D:\drvm\PROJE\gameengines\pygame-1.9.6\pygame-1.9.6\test\run_tests__tests\timeout\sleep_test.py",6,3,4,,,,,,,,1
Module File,"D:\drvm\PROJE\gameengines\pygame-1.9.6\pygame-1.9.6\test\rwobject_test.py",18,1,2,,,,,,,,1
Module File,"D:\drvm\PROJE\gameengines\pygame-1.9.6\pygame-1.9.6\test\scrap_tags.py",4,4,4,,,,,,,,1
Module File,"D:\drvm\PROJE\gameengines\pygame-1.9.6\pygame-1.9.6\test\scrap_test.py",43,1,7,,,,,,,,5
Module File,"D:\drvm\PROJE\gameengines\pygame-1.9.6\pygame-1.9.6\test\sndarray_tags.py",3,3,3,,,,,,,,1
Module File,"D:\drvm\PROJE\gameengines\pygame-1.9.6\pygame-1.9.6\test\sndarray_test.py",24,1,3,,,,,,,,1
Module File,"D:\drvm\PROJE\gameengines\pygame-1.9.6\pygame-1.9.6\test\sprite_test.py",129,1,6,,,,,,,,1
Module File,"D:\drvm\PROJE\gameengines\pygame-1.9.6\pygame-1.9.6\test\surface_test.py",237,1,11,,,,,,,,5
Module File,"D:\drvm\PROJE\gameengines\pygame-1.9.6\pygame-1.9.6\test\surfarray_tags.py",4,4,4,,,,,,,,1
Module File,"D:\drvm\PROJE\gameengines\pygame-1.9.6\pygame-1.9.6\test\surfarray_test.py",98,2,21,,,,,,,,1
Module File,"D:\drvm\PROJE\gameengines\pygame-1.9.6\pygame-1.9.6\test\surflock_test.py",6,1,2,,,,,,,,1
Module File,"D:\drvm\PROJE\gameengines\pygame-1.9.6\pygame-1.9.6\test\sysfont_test.py",8,1,2,,,,,,,,1
Module File,"D:\drvm\PROJE\gameengines\pygame-1.9.6\pygame-1.9.6\test\test_test_.py",2,2,2,,,,,,,,1
File,"D:\drvm\PROJE\gameengines\pygame-1.9.6\pygame-1.9.6\test\test_utils\__init__.py",33,1,4,,,,,,,,3
Module File,"D:\drvm\PROJE\gameengines\pygame-1.9.6\pygame-1.9.6\test\test_utils\arrinter.py",78,2,12,,,,,,,,9
Module File,"D:\drvm\PROJE\gameengines\pygame-1.9.6\pygame-1.9.6\test\test_utils\async_sub.py",65,2,8,,,,,,,,5
Module File,"D:\drvm\PROJE\gameengines\pygame-1.9.6\pygame-1.9.6\test\test_utils\buftools.py",69,2,12,,,,,,,,9
Module File,"D:\drvm\PROJE\gameengines\pygame-1.9.6\pygame-1.9.6\test\test_utils\endian.py",2,1,1,,,,,,,,1
Module File,"D:\drvm\PROJE\gameengines\pygame-1.9.6\pygame-1.9.6\test\test_utils\png.py",489,2,29,,,,,,,,25
Module File,"D:\drvm\PROJE\gameengines\pygame-1.9.6\pygame-1.9.6\test\test_utils\run_tests.py",39,6,29,,,,,,,,8
Module File,"D:\drvm\PROJE\gameengines\pygame-1.9.6\pygame-1.9.6\test\test_utils\test_machinery.py",19,3,7,,,,,,,,4
Module File,"D:\drvm\PROJE\gameengines\pygame-1.9.6\pygame-1.9.6\test\test_utils\test_runner.py",22,3,7,,,,,,,,3
Module File,"D:\drvm\PROJE\gameengines\pygame-1.9.6\pygame-1.9.6\test\threads_test.py",21,1,4,,,,,,,,1
Module File,"D:\drvm\PROJE\gameengines\pygame-1.9.6\pygame-1.9.6\test\time_test.py",12,1,2,,,,,,,,1
Module File,"D:\drvm\PROJE\gameengines\pygame-1.9.6\pygame-1.9.6\test\touch_tags.py",1,1,1,,,,,,,,1
Module File,"D:\drvm\PROJE\gameengines\pygame-1.9.6\pygame-1.9.6\test\touch_test.py",10,1,2,,,,,,,,1
Module File,"D:\drvm\PROJE\gameengines\pygame-1.9.6\pygame-1.9.6\test\transform_test.py",68,1,9,,,,,,,,1
Module File,"D:\drvm\PROJE\gameengines\pygame-1.9.6\pygame-1.9.6\test\util\gen_stubs.py",46,2,9,,,,,,,,4
Module File,"D:\drvm\PROJE\gameengines\pygame-1.9.6\pygame-1.9.6\test\util\gen_stubs_test.py",1,1,1,,,,,,,,1
Module File,"D:\drvm\PROJE\gameengines\pygame-1.9.6\pygame-1.9.6\test\util\relative_indentation.py",16,2,3,,,,,,,,1
Module File,"D:\drvm\PROJE\gameengines\pygame-1.9.6\pygame-1.9.6\test\util\svn_log_to_whatsnew.py",19,19,19,,,,,,,,6
Module File,"D:\drvm\PROJE\gameengines\pygame-1.9.6\pygame-1.9.6\test\version_test.py",10,5,8,,,,,,,,1
Struct,"PGFT_String_",0,0,0,0,0,0,0,0,0,0,0
Struct,"TGAheader",0,0,0,0,0,0,0,0,0,0,0
Struct,"UserEventObject",0,0,0,0,0,0,0,0,0,0,0
Public Class,"_MainMenu_EOArchive_English",7,2,4,0,2,3,3,0,33,1,1
Struct,"_module_state",0,0,0,0,0,0,0,0,0,0,0
Struct,"_module_state",0,0,0,0,0,0,0,0,0,0,0
Struct,"_pixelarray_t",0,0,0,0,0,0,0,0,0,0,0
Struct,"_scale_s",0,0,0,0,0,0,0,0,0,0,0
Class,"aliens.Alien",4,2,2,0,1,2,2,,,1,1
Class,"aliens.Bomb",3,1,2,0,1,2,2,,,1,1
Class,"aliens.Explosion",3,1,2,0,1,2,2,,,1,1
Class,"aliens.Player",6,2,4,0,1,3,3,,,1,1
Class,"aliens.Score",3,1,2,0,1,2,2,,,1,1
Class,"aliens.Shot",3,1,2,0,1,2,2,,,1,1
Class,"aliens.dummysound",1,1,1,0,0,1,1,,,0,1
Struct,"bitmask",0,0,0,0,0,0,0,0,0,0,0
Struct,"buffer",0,0,0,0,0,0,0,0,0,0,0
Struct,"buffer_object_t",0,0,0,0,0,0,0,0,0,0,0
Struct,"bufferinfo",0,0,0,0,0,0,0,0,0,0,0
Package,"buildconfig",446,4,19,,,,,,,,8
Class,"buildconfig.config_darwin.Dependency",10,5,9,1,0,2,2,,,0,7
Class,"buildconfig.config_darwin.DependencyPython",7,3,6,0,0,2,2,,,0,1
Class,"buildconfig.config_darwin.FrameworkDependency",3,3,3,0,1,3,1,,,1,3
Class,"buildconfig.config_msys.ConfigError",0,0,0,0,3,10,0,,,1,0
Class,"buildconfig.config_msys.Dependency",10,2,3,0,0,4,4,,,0,3
Class,"buildconfig.config_msys.DependencyDLL",14,4,8,0,0,3,3,,,0,8
Class,"buildconfig.config_msys.DependencyProg",12,6,10,0,0,2,2,,,0,3
Class,"buildconfig.config_msys.DependencyPython",7,3,6,0,0,2,2,,,0,1
Class,"buildconfig.config_msys.DependencyWin",2,1,1,0,0,2,2,,,0,1
Class,"buildconfig.config_unix.Dependency",9,4,8,0,0,2,2,,,0,1
Class,"buildconfig.config_unix.DependencyProg",10,5,8,0,0,2,2,,,0,3
Class,"buildconfig.config_unix.DependencyPython",7,3,6,0,0,2,2,,,0,1
Class,"buildconfig.config_win.Dependency",46,6,14,1,1,7,7,,,1,7
Class,"buildconfig.config_win.DependencyDLL",17,4,7,0,2,11,4,,,1,5
Class,"buildconfig.config_win.DependencyDummy",2,1,1,0,1,2,2,,,1,1
Class,"buildconfig.config_win.DependencyGroup",23,2,7,0,1,8,8,,,1,4
Class,"buildconfig.config_win.DependencyPython",7,3,6,0,1,2,2,,,1,1
Class,"buildconfig.config_win.DependencyWin",2,1,1,0,1,2,2,,,1,1
Class,"buildconfig.setup_win_common.Definition",1,1,1,0,1,1,1,,,1,1
Class,"buildconfig.vstools.DumpbinError",0,0,0,1,3,10,0,,,1,0
Class,"buildconfig.vstools.DumpbinParseError",0,0,0,0,4,10,0,,,1,0
Struct,"cachenode_",0,0,0,0,0,0,0,2,0,0,0
Union,"cachenodekey_",0,0,0,0,0,0,0,1,0,0,0
Package,"ctypes",0,0,0,,,,,,,,0
Package,"docs",9,3,4,,,,,,,,1
Package,"examples",732,3,23,,,,,,,,12
Class,"examples.aliens.Alien",4,2,2,0,1,2,2,,,1,1
Class,"examples.aliens.Bomb",3,1,2,0,1,2,2,,,1,1
Class,"examples.aliens.Explosion",3,1,2,0,1,2,2,,,1,1
Class,"examples.aliens.Player",6,2,4,0,1,3,3,,,1,1
Class,"examples.aliens.Score",3,1,2,0,1,2,2,,,1,1
Class,"examples.aliens.Shot",3,1,2,0,1,2,2,,,1,1
Class,"examples.aliens.dummysound",1,1,1,0,0,1,1,,,0,1
Class,"examples.camera.VideoCapturePlayer",13,3,6,0,1,4,4,,,1,1
Class,"examples.chimp.Chimp",10,2,3,0,1,5,5,,,1,1
Class,"examples.chimp.Fist",6,1,2,0,1,4,4,,,1,1
Class,"examples.chimp.load_sound.NoneSound",1,1,1,0,0,1,1,,,0,1
Class,"examples.fastevents.post_them",6,3,5,0,1,27,2,,,1,3
Class,"examples.mask.Sprite",11,1,4,16,0,7,7,,,0,3
Class,"examples.midi.Keyboard",16,2,7,0,1,6,6,,,1,1
Class,"examples.midi.NullKey",4,1,1,0,1,4,4,,,1,1
Class,"examples.midi.key_class.Key",18,1,2,0,1,11,11,,,1,1
Class,"examples.moveit.GameObject",3,1,2,0,0,2,2,,,0,1
Class,"examples.oldalien.Actor",4,1,1,4,0,4,4,,,0,1
Class,"examples.oldalien.Alien",4,2,2,0,1,6,2,,,1,1
Class,"examples.oldalien.Explosion",2,1,1,0,1,6,2,,,1,1
Class,"examples.oldalien.Img",0,0,0,0,0,0,0,,,0,0
Class,"examples.oldalien.Player",2,1,1,0,1,6,2,,,1,1
Class,"examples.oldalien.Shot",2,1,1,0,1,6,2,,,1,1
Class,"examples.playmus.Window",9,1,3,0,1,6,6,,,1,1
Class,"examples.testsprite.Static",1,1,1,0,1,1,1,,,1,1
Class,"examples.testsprite.Thingy",4,2,3,0,1,2,2,,,1,1
Package,"ext",154,1,7,,,,,,,,6
Class,"ext.boilerplate.DocTitle",0,0,0,0,4,74,0,,,1,0
Class,"ext.boilerplate.DocumentTransformer",17,2,7,0,2,10,7,,,1,6
Class,"ext.boilerplate.PyGameClasslike",1,1,1,0,1,1,1,,,1,1
Class,"ext.boilerplate.TocRef",0,0,0,0,4,74,0,,,1,0
Class,"ext.boilerplate.TocTable",0,0,0,0,3,73,0,,,1,0
Class,"ext.indexer.CollectInfo",29,1,5,0,2,18,15,,,1,5
Class,"ext.utils.GetError",0,0,0,0,4,11,0,,,1,0
Class,"ext.utils.Visitor",3,1,1,2,1,3,3,,,1,1
Class,"ext.utils._SparseNodeVisitor",0,0,0,0,2,5,0,,,2,0
Struct,"fontcache_",0,0,0,0,0,0,0,1,0,0,0
Struct,"fontcolor_",0,0,0,0,0,0,0,0,0,0,0
Struct,"fontglyph_",0,0,0,0,0,0,0,1,0,0,0
Struct,"fontinternals_",0,0,0,0,0,0,0,2,0,0,0
Struct,"fontmetrics_",0,0,0,0,0,0,0,0,0,0,0
Struct,"fontsurface_",0,0,0,0,0,0,0,0,0,0,0
Struct,"freetypeinstance_",0,0,0,0,0,0,0,0,0,0,0
Struct,"glyphslot_",0,0,0,0,0,0,0,1,0,0,0
Class,"joystick_calls.TextPrint",5,1,1,0,1,5,5,,,1,1
Struct,"keyfields_",0,0,0,0,0,0,0,1,0,0,0
Struct,"layout_",0,0,0,0,0,0,0,2,0,0,0
Class,"macfont.SysFont",20,1,4,0,1,14,14,,,1,1
Package,"numpy.random",0,0,0,,,,,,,,0
Struct,"pgBufproxyObject_s",0,0,0,0,0,0,0,1,0,0,0
Struct,"pgCameraObject",0,0,0,0,0,0,0,1,0,0,0
Struct,"pgSubSurface_Data",0,0,0,0,0,0,0,0,0,0,0
Struct,"pg_bufferinfo_s",0,0,0,0,0,0,0,1,0,0,0
Struct,"pg_bufferinternal_s",0,0,0,0,0,0,0,0,0,0,0
Struct,"pg_capsule_interface_s",0,0,0,0,0,0,0,1,0,0,0
Struct,"pg_view_internals_s",0,0,0,0,0,0,0,0,0,0,0
Class,"relative_indentation.Template",10,2,3,0,1,4,4,,,1,1
Struct,"rendermode_",0,0,0,0,0,0,0,1,0,0,0
Class,"setup.DocsCommand",5,1,3,0,1,3,3,,,1,3
Class,"setup.OurSdist",1,1,1,0,1,1,1,,,1,1
Class,"setup.TestCommand",3,1,1,0,1,3,3,,,1,1
Class,"setup.WinBuildExt",0,0,0,0,1,0,0,,,1,0
Class,"setup.bdist_msi_overwrite_on_install",3,1,2,0,1,2,2,,,1,1
Class,"setup.smart_install_data",1,1,1,0,1,1,1,,,1,1
Package,"src_py",834,2,39,,,,,,,,12
Abstract Class,"src_py.MissingModule",7,1,2,0,0,4,4,,,0,1
Class,"src_py._camera_opencv_highgui.Camera",13,1,4,0,0,9,9,,,0,3
Class,"src_py._camera_vidcapture.Camera",12,1,3,0,0,10,10,,,0,1
Class,"src_py._dummybackend.Movie",6,1,1,0,0,6,6,,,0,1
Package,"src_py._sdl2",0,0,0,,,,,,,,0
Abstract Class,"src_py.camera.Camera",8,1,1,0,0,8,8,,,0,1
Class,"src_py.ftfont.Font",23,1,7,0,1,14,14,,,1,3
Package,"src_py.gp2x",5,1,3,,,,,,,,1
Class,"src_py.midi.Input",16,3,8,0,1,5,5,,,1,8
Class,"src_py.midi.MidiException",2,1,1,0,3,12,2,,,1,1
Class,"src_py.midi.Output",28,2,8,0,1,11,11,,,1,8
Class,"src_py.sprite.AbstractGroup",54,3,10,3,1,18,18,,,1,10
Class,"src_py.sprite.DirtySprite",5,1,2,2,2,14,4,,,1,1
Class,"src_py.sprite.Group",1,1,1,1,2,19,1,,,1,1
Class,"src_py.sprite.GroupSingle",15,1,3,0,2,28,10,,,1,1
Class,"src_py.sprite.LayeredDirty",42,4,23,0,3,46,9,,,1,5
Class,"src_py.sprite.LayeredUpdates",48,2,11,1,2,37,19,,,1,4
Class,"src_py.sprite.OrderedUpdates",4,1,1,0,4,24,4,,,1,1
Class,"src_py.sprite.RenderUpdates",4,4,4,1,3,20,1,,,1,1
Class,"src_py.sprite.Sprite",18,1,4,17,1,10,10,,,1,1
Class,"src_py.sprite.collide_circle_ratio",4,2,3,0,1,2,2,,,1,1
Class,"src_py.sprite.collide_rect_ratio",2,1,1,0,0,2,2,,,0,1
Package,"src_py.threads",79,2,13,,,,,,,,12
Class,"src_py.threads.FuncResult",5,2,4,0,0,2,2,,,0,1
Class,"src_py.threads.Py25Queue.Empty",0,0,0,0,3,10,0,,,1,0
Class,"src_py.threads.Py25Queue.Full",0,0,0,0,3,10,0,,,1,0
Class,"src_py.threads.Py25Queue.Queue",34,2,8,0,0,16,16,,,0,7
Class,"src_py.threads.WorkerQueue",11,1,3,0,1,6,6,,,1,3
Class,"src_py.version.PygameVersion",3,1,1,0,2,23,3,,,1,1
Struct,"tColorRGBA",0,0,0,0,0,0,0,0,0,0,0
Package,"test",3598,1,29,,,,,,,,25
Class,"test.base_test.BaseModuleTest",56,1,6,0,1,25,25,,,1,1
Class,"test.base_test.BaseModuleTest.ExporterBase",5,5,5,2,1,1,1,,,1,1
Class,"test.base_test.BaseModuleTest.test_GetView_array_struct.Exporter",2,1,1,2,1,2,2,,,1,1
Class,"test.base_test.BaseModuleTest.test_PgObject_GetBuffer_array_interface.Exporter",1,1,1,3,1,1,1,,,1,1
Class,"test.base_test.BaseModuleTest.test_PgObject_GetBuffer_array_interface.Exporter2",4,1,2,0,2,4,3,,,1,1
Class,"test.base_test.BaseModuleTest.test_PgObject_GetBuffer_array_interface.NoDictError",0,0,0,0,4,11,0,,,1,0
Class,"test.base_test.BaseModuleTest.test_PgObject_GetBuffer_array_interface.WRDict",0,0,0,0,2,27,0,,,1,0
Class,"test.blit_test.BlitTest",16,1,6,0,1,8,8,,,1,1
Class,"test.bufferproxy_test.BufferProxyLegacyTest",3,1,1,0,1,3,3,,,1,1
Class,"test.bufferproxy_test.BufferProxyTest",26,1,3,0,1,16,16,,,1,3
Class,"test.bufferproxy_test.BufferProxyTest.test_before.MyException",0,0,0,0,3,10,0,,,1,0
Class,"test.bufferproxy_test.BufferProxyTest.test_gc.Obj",0,0,0,0,1,0,0,,,1,0
Class,"test.bufferproxy_test.BufferProxyTest.test_subclassing.MyBufferProxy",1,1,1,0,1,1,1,,,1,1
Class,"test.camera_test.CameraModuleTest",0,0,0,0,1,0,0,,,1,0
Class,"test.cdrom_test.CDROMModuleTest",8,1,1,0,1,8,8,,,1,1
Class,"test.cdrom_test.CDTypeTest",24,1,1,0,1,24,24,,,1,1
Class,"test.color_test.ColorTypeTest",73,1,4,0,1,48,48,,,1,1
Class,"test.color_test.ColorTypeTest.test_comparison.Test",2,1,1,0,1,2,2,,,1,1
Class,"test.color_test.ColorTypeTest.test_comparison.TestTuple",2,1,1,0,2,22,2,,,1,1
Class,"test.color_test.ColorTypeTest.test_comparison.TupleSubclass",0,0,0,0,2,20,0,,,1,0
Class,"test.color_test.ColorTypeTest.test_newbuf.ColorImporter",5,1,2,0,1,3,3,,,1,1
Class,"test.color_test.SubclassTest",8,1,1,0,1,7,7,,,1,1
Class,"test.color_test.SubclassTest.MyColor",1,1,1,0,1,1,1,,,1,1
Class,"test.compat_test.CompatModuleTest",14,1,2,0,1,13,13,,,1,1
Class,"test.constants_test.KeyConstantTests",2,2,2,0,1,1,1,,,1,1
Class,"test.constants_test.KmodTests",6,2,2,0,1,3,3,,,1,1
Class,"test.cursors_test.CursorsModuleTest",4,2,3,0,1,2,2,,,1,1
Class,"test.display_test.DisplayModuleTest",34,1,4,0,1,28,28,,,1,1
Class,"test.draw_test.AntiAliasedLineMixin",14,1,3,2,1,6,6,,,1,1
Class,"test.draw_test.AntiAliasingLineTest",0,0,0,0,2,6,0,,,2,0
Class,"test.draw_test.DrawArcMixin",1,1,1,2,1,1,1,,,1,1
Class,"test.draw_test.DrawArcTest",0,0,0,0,2,1,0,,,2,0
Class,"test.draw_test.DrawCircleMixin",1,1,1,2,1,1,1,,,1,1
Class,"test.draw_test.DrawCircleTest",0,0,0,0,2,1,0,,,2,0
Class,"test.draw_test.DrawEllipseMixin",22,2,4,2,1,7,7,,,1,1
Class,"test.draw_test.DrawEllipseTest",0,0,0,0,2,7,0,,,2,0
Class,"test.draw_test.DrawLineTest",12,2,5,0,2,14,5,,,2,1
Class,"test.draw_test.DrawModuleTest",24,3,9,0,1,5,5,,,1,1
Class,"test.draw_test.DrawPolygonMixin",26,3,8,2,1,7,7,,,1,1
Class,"test.draw_test.DrawPolygonTest",0,0,0,0,2,7,0,,,2,0
Class,"test.draw_test.DrawRectMixin",1,1,1,2,1,1,1,,,1,1
Class,"test.draw_test.DrawRectTest",0,0,0,0,2,1,0,,,2,0
Class,"test.draw_test.DrawTestCase",0,0,0,7,1,0,0,,,1,0
Class,"test.draw_test.LineMixin",30,3,4,2,1,9,9,,,1,1
Class,"test.draw_test.PythonAntiAliasingLineTest",0,0,0,0,2,6,0,,,2,0
Class,"test.draw_test.PythonDrawArcTest",0,0,0,0,2,1,0,,,2,0
Class,"test.draw_test.PythonDrawCircleTest",0,0,0,0,2,1,0,,,2,0
Class,"test.draw_test.PythonDrawEllipseTest",0,0,0,0,2,7,0,,,2,0
Class,"test.draw_test.PythonDrawLineTest",0,0,0,0,2,9,0,,,2,0
Class,"test.draw_test.PythonDrawPolygonTest",0,0,0,0,2,7,0,,,2,0
Class,"test.draw_test.PythonDrawRectTest",0,0,0,0,2,1,0,,,2,0
Class,"test.draw_test.PythonDrawTestCase",0,0,0,7,1,0,0,,,1,0
Class,"test.event_test.EventModuleArgsTest",5,1,1,0,1,5,5,,,1,1
Class,"test.event_test.EventModuleTest",30,1,3,0,1,22,22,,,1,1
Class,"test.event_test.EventTypeTest",4,2,2,0,1,2,2,,,1,1
Class,"test.fastevent_test.FasteventModuleTest",15,1,3,0,1,11,11,,,1,1
Class,"test.font_test.FontModuleTest",17,1,3,0,1,13,13,,,1,1
Class,"test.font_test.FontTest",4,1,2,0,1,3,3,,,1,1
Class,"test.font_test.FontTypeTest",27,1,3,0,1,20,20,,,1,1
Class,"test.font_test.VisualTests",24,2,14,0,1,9,9,,,1,9
Class,"test.freetype_test.FreeTypeFontTest",68,1,7,0,1,39,39,,,1,1
Class,"test.freetype_test.FreeTypeTest",10,1,1,0,1,10,10,,,1,1
Class,"test.gfxdraw_test.GfxdrawDefaultTest",112,3,6,0,1,31,31,,,1,1
Class,"test.image__save_gl_surface_test.GL_ImageSave",1,1,1,0,1,1,1,,,1,1
Class,"test.image_test.ImageModuleTest",53,1,4,0,1,25,25,,,1,1
Class,"test.imageext_test.ImageextModuleTest",14,1,3,0,1,12,12,,,1,1
Class,"test.joystick_test.JoystickTypeTest",1,1,1,0,1,1,1,,,1,1
Class,"test.joystick_test.JoytickModuleTest",4,1,1,0,1,4,4,,,1,1
Class,"test.key_test.KeyModuleTest",10,1,2,0,1,9,9,,,1,1
Class,"test.mask_test.MaskModuleTest",30,4,11,0,1,7,7,,,1,4
Class,"test.mask_test.MaskTypeTest",182,1,5,0,1,99,99,,,1,1
Class,"test.math_test.Vector2TypeTest",63,1,4,0,1,47,47,,,1,1
Class,"test.math_test.Vector2TypeTest.test_subclass_operation.Vector",0,0,0,0,1,0,0,,,1,0
Class,"test.math_test.Vector3TypeTest",75,1,4,0,1,55,55,,,1,1
Class,"test.math_test.Vector3TypeTest.test_subclass_operation.Vector",0,0,0,0,1,0,0,,,1,0
Class,"test.midi_test.MidiInputTest",12,2,2,0,1,6,6,,,1,1
Class,"test.midi_test.MidiModuleTest",18,1,4,0,1,13,13,,,1,1
Class,"test.midi_test.MidiOutputTest",24,2,2,0,1,12,12,,,1,1
Class,"test.mixer_music_test.MixerMusicModuleTest",27,1,3,0,1,21,21,,,1,1
Class,"test.mixer_test.ChannelTypeTest",23,1,2,0,1,22,22,,,2,1
Class,"test.mixer_test.MixerModuleTest",52,1,15,0,1,26,26,,,1,5
Class,"test.mixer_test.SoundTypeTest",26,1,2,0,1,23,23,,,2,1
Class,"test.mouse_test.MouseModuleTest",8,1,1,0,1,8,8,,,1,1
Class,"test.overlay_test.OverlayTypeTest",3,1,1,0,1,3,3,,,1,1
Class,"test.pixelarray_test.PixelArrayArrayInterfaceTest",10,2,4,0,2,6,5,,,2,1
Class,"test.pixelarray_test.PixelArrayNewBufferTest",3,1,2,0,2,3,2,,,2,1
Class,"test.pixelarray_test.PixelArrayTypeTest",88,2,9,0,2,35,34,,,2,1
Class,"test.pixelarray_test.PixelArrayTypeTest.test_as_class.C",1,1,1,0,1,1,1,,,1,1
Class,"test.pixelarray_test.PixelArrayTypeTest.test_ass_subscript.Int",0,0,0,0,2,55,0,,,1,0
Class,"test.pixelarray_test.PixelArrayTypeTest.test_set_slice.Int",0,0,0,0,2,55,0,,,1,0
Class,"test.pixelarray_test.PixelArrayTypeTest.test_subscript.Int",0,0,0,0,2,55,0,,,1,0
Class,"test.pixelarray_test.TestMixin",3,3,3,3,1,1,1,,,1,1
Class,"test.pixelcopy_test.PixelCopyTestWithArray",26,2,5,0,1,7,7,,,1,2
Class,"test.pixelcopy_test.PixelCopyTestWithArray",33,3,10,0,1,9,9,,,1,5
Class,"test.pixelcopy_test.PixelCopyTestWithArray.Array2D",4,2,2,0,1,2,2,,,1,1
Class,"test.pixelcopy_test.PixelCopyTestWithArray.Array3D",4,2,2,0,1,2,2,,,1,1
Class,"test.pixelcopy_test.PixelcopyModuleTest",42,3,12,0,1,11,11,,,1,8
Class,"test.rect_test.RectTypeTest",50,1,1,0,1,48,48,,,1,1
Class,"test.rect_test.RectTypeTest.testEquals.foo",2,1,1,0,1,2,2,,,1,1
Class,"test.rect_test.RectTypeTest.testEquals.foo2",0,0,0,0,1,0,0,,,1,0
Class,"test.rect_test.SubclassTest",9,1,1,0,1,8,8,,,1,1
Class,"test.rect_test.SubclassTest.MyRect",1,1,1,0,1,1,1,,,1,1
Package,"test.run_tests__tests",317,1,5,,,,,,,,1
Package,"test.run_tests__tests.all_ok",64,1,4,,,,,,,,1
Class,"test.run_tests__tests.all_ok.fake_2_test.KeyModuleTest",6,1,1,0,1,6,6,,,1,1
Class,"test.run_tests__tests.all_ok.fake_3_test.KeyModuleTest",6,1,1,0,1,6,6,,,1,1
Class,"test.run_tests__tests.all_ok.fake_4_test.KeyModuleTest",6,1,1,0,1,6,6,,,1,1
Class,"test.run_tests__tests.all_ok.fake_5_test.KeyModuleTest",6,1,1,0,1,6,6,,,1,1
Class,"test.run_tests__tests.all_ok.fake_6_test.KeyModuleTest",6,1,1,0,1,6,6,,,1,1
Class,"test.run_tests__tests.all_ok.no_assertions__ret_code_of_1__test.KeyModuleTest",6,1,1,0,1,6,6,,,1,1
Class,"test.run_tests__tests.all_ok.zero_tests_test.KeyModuleTest",0,0,0,0,1,0,0,,,1,0
Package,"test.run_tests__tests.everything",35,1,4,,,,,,,,1
Class,"test.run_tests__tests.everything.fake_2_test.KeyModuleTest",6,1,1,0,1,6,6,,,1,1
Class,"test.run_tests__tests.everything.incomplete_todo_test.KeyModuleTest",6,1,1,0,1,6,6,,,1,1
Class,"test.run_tests__tests.everything.magic_tag_test.KeyModuleTest",5,1,1,0,1,5,5,,,1,1
Class,"test.run_tests__tests.everything.sleep_test.KeyModuleTest",2,2,2,0,1,1,1,,,1,1
Package,"test.run_tests__tests.exclude",29,1,4,,,,,,,,1
Class,"test.run_tests__tests.exclude.fake_2_test.KeyModuleTest",6,1,1,0,1,6,6,,,1,1
Class,"test.run_tests__tests.exclude.invisible_tag_test.KeyModuleTest",6,1,1,0,1,6,6,,,1,1
Class,"test.run_tests__tests.exclude.magic_tag_test.KeyModuleTest",5,1,1,0,1,5,5,,,1,1
Package,"test.run_tests__tests.failures1",32,1,4,,,,,,,,1
Class,"test.run_tests__tests.failures1.fake_2_test.KeyModuleTest",6,1,1,0,1,6,6,,,1,1
Class,"test.run_tests__tests.failures1.fake_3_test.KeyModuleTest",6,1,1,0,1,6,6,,,1,1
Class,"test.run_tests__tests.failures1.fake_4_test.KeyModuleTest",8,1,3,0,1,6,6,,,1,1
Package,"test.run_tests__tests.incomplete",20,1,4,,,,,,,,1
Class,"test.run_tests__tests.incomplete.fake_2_test.KeyModuleTest",6,1,1,0,1,6,6,,,1,1
Class,"test.run_tests__tests.incomplete.fake_3_test.KeyModuleTest",6,1,1,0,1,6,6,,,1,1
Package,"test.run_tests__tests.incomplete_todo",20,1,4,,,,,,,,1
Class,"test.run_tests__tests.incomplete_todo.fake_2_test.KeyModuleTest",6,1,1,0,1,6,6,,,1,1
Class,"test.run_tests__tests.incomplete_todo.fake_3_test.KeyModuleTest",6,1,1,0,1,6,6,,,1,1
Package,"test.run_tests__tests.infinite_loop",21,1,4,,,,,,,,1
Class,"test.run_tests__tests.infinite_loop.fake_1_test.KeyModuleTest",7,1,2,0,1,6,6,,,1,1
Class,"test.run_tests__tests.infinite_loop.fake_2_test.KeyModuleTest",6,1,1,0,1,6,6,,,1,1
Package,"test.run_tests__tests.print_stderr",32,1,4,,,,,,,,1
Class,"test.run_tests__tests.print_stderr.fake_2_test.KeyModuleTest",6,1,1,0,1,6,6,,,1,1
Class,"test.run_tests__tests.print_stderr.fake_3_test.KeyModuleTest",6,1,1,0,1,6,6,,,1,1
Class,"test.run_tests__tests.print_stderr.fake_4_test.KeyModuleTest",8,1,3,0,1,6,6,,,1,1
Package,"test.run_tests__tests.print_stdout",32,1,4,,,,,,,,1
Class,"test.run_tests__tests.print_stdout.fake_2_test.KeyModuleTest",6,1,1,0,1,6,6,,,1,1
Class,"test.run_tests__tests.print_stdout.fake_3_test.KeyModuleTest",6,1,1,0,1,6,6,,,1,1
Class,"test.run_tests__tests.print_stdout.fake_4_test.KeyModuleTest",8,1,3,0,1,6,6,,,1,1
Package,"test.run_tests__tests.timeout",16,1,4,,,,,,,,1
Class,"test.run_tests__tests.timeout.fake_2_test.KeyModuleTest",6,1,1,0,1,6,6,,,1,1
Class,"test.run_tests__tests.timeout.sleep_test.KeyModuleTest",2,2,2,0,1,1,1,,,1,1
Class,"test.rwobject_test.RWopsEncodeFilePathTest",4,1,1,0,1,4,4,,,1,1
Class,"test.rwobject_test.RWopsEncodeStringTest",12,1,1,0,1,12,12,,,1,1
Class,"test.scrap_test.ScrapModuleClipboardNotOwnedTest",8,1,2,0,1,7,7,,,1,1
Class,"test.scrap_test.ScrapModuleTest",15,1,3,0,1,13,13,,,1,1
Class,"test.scrap_test.X11InteractiveTest",4,4,4,0,1,1,1,,,1,4
Class,"test.sndarray_test.SndarrayTest",22,1,3,0,1,8,8,,,1,1
Class,"test.sprite_test.AbstractGroupTypeTest",16,1,3,0,1,12,12,,,1,1
Class,"test.sprite_test.AbstractGroupTypeTest.test_update.test_sprite",2,1,1,0,1,2,2,,,1,1
Class,"test.sprite_test.DirtySpriteTypeTest",0,0,0,0,1,10,0,,,2,0
Class,"test.sprite_test.LayeredDirtyTypeTest__DirtySprite",11,1,6,0,1,33,6,,,2,1
Class,"test.sprite_test.LayeredGroupBase",53,1,6,3,0,27,27,,,0,1
Class,"test.sprite_test.LayeredUpdatesTypeTest__DirtySprite",1,1,1,0,1,28,1,,,2,1
Class,"test.sprite_test.LayeredUpdatesTypeTest__SpriteTest",1,1,1,0,1,28,1,,,2,1
Class,"test.sprite_test.SingleGroupBugsTest",2,1,1,0,1,1,1,,,1,1
Class,"test.sprite_test.SingleGroupBugsTest.test_memoryleak_bug.MySprite",1,1,1,0,1,1,1,,,1,1
Class,"test.sprite_test.SpriteBase",19,1,4,2,0,10,10,,,0,1
Class,"test.sprite_test.SpriteBase.test_update.test_sprite",2,1,1,0,1,2,2,,,1,1
Class,"test.sprite_test.SpriteCollideTest",24,1,4,0,1,19,19,,,1,1
Class,"test.sprite_test.SpriteModuleTest",0,0,0,0,1,0,0,,,1,0
Class,"test.sprite_test.SpriteTypeTest",0,0,0,0,1,10,0,,,2,0
Class,"test.surface_test.SurfaceBlendTest",45,3,11,0,1,12,12,,,1,1
Class,"test.surface_test.SurfaceFillTest",4,1,2,0,1,3,3,,,1,1
Class,"test.surface_test.SurfaceGetBufferTest",39,3,10,0,1,13,13,,,1,5
Class,"test.surface_test.SurfaceSelfBlitTest",31,2,4,0,1,13,13,,,1,1
Class,"test.surface_test.SurfaceSubtypeTest",6,1,1,0,1,6,6,,,1,1
Class,"test.surface_test.SurfaceTypeTest",105,1,6,0,1,71,71,,,2,1
Class,"test.surfarray_test.SurfarrayModuleTest",96,2,21,0,1,30,30,,,1,1
Class,"test.surflock_test.SurfaceLockTest",4,1,1,0,1,4,4,,,1,1
Class,"test.sysfont_test.SysfontModuleTest",6,1,1,0,1,6,6,,,1,1
Package,"test.test_utils",816,2,29,,,,,,,,25
Class,"test.test_utils.AssertRaisesRegexMixin",3,3,3,3,1,1,1,,,1,3
Class,"test.test_utils.SurfaceSubclass",1,1,1,0,1,1,1,,,1,1
Class,"test.test_utils.arrinter.Array",11,2,5,0,2,6,4,,,1,4
Class,"test.test_utils.arrinter.ArrayInterface",9,3,5,0,1,3,3,,,1,5
Class,"test.test_utils.arrinter.ArrayTest",11,1,2,0,1,8,8,,,1,1
Class,"test.test_utils.arrinter.Exporter",21,10,12,3,1,2,2,,,1,9
Class,"test.test_utils.arrinter.ExporterTest",5,1,3,0,1,3,3,,,1,1
Class,"test.test_utils.arrinter.PyArrayInterface",0,0,0,0,1,0,0,,,1,0
Class,"test.test_utils.async_sub.AsyncTest",1,1,1,0,1,1,1,,,1,1
Class,"test.test_utils.async_sub.Popen",45,3,8,0,0,13,13,,,0,5
Class,"test.test_utils.buftools.Exporter",35,5,12,2,1,6,6,,,1,9
Class,"test.test_utils.buftools.ExporterTest",9,1,1,0,1,9,9,,,1,1
Class,"test.test_utils.buftools.Importer",15,1,2,1,1,13,13,,,1,1
Class,"test.test_utils.png.ChunkError",0,0,0,0,5,11,0,,,1,0
Class,"test.test_utils.png.Error",1,1,1,1,3,11,1,,,1,1
Class,"test.test_utils.png.FormatError",0,0,0,1,4,11,0,,,1,0
Class,"test.test_utils.png.Image",5,1,2,0,0,2,2,,,0,1
Class,"test.test_utils.png.Reader",157,4,29,0,0,22,22,,,0,25
Class,"test.test_utils.png.Test",59,1,4,0,1,37,37,,,1,4
Class,"test.test_utils.png.Test.failureException",0,0,0,0,3,10,0,,,1,0
Class,"test.test_utils.png.Writer",84,4,24,0,0,11,11,,,0,19
Class,"test.test_utils.png._readable",3,1,2,0,0,2,2,,,0,1
Class,"test.test_utils.test_machinery.PygameTestLoader",7,3,4,0,2,15,2,,,1,1
Class,"test.test_utils.test_machinery.TestTags",10,3,7,0,0,3,3,,,0,4
Class,"test.threads_test.ThreadsModuleTest",8,1,1,0,1,7,7,,,1,1
Class,"test.threads_test.WorkerQueueTypeTest",11,1,4,0,1,5,5,,,1,1
Class,"test.time_test.ClockTypeTest",6,1,1,0,1,6,6,,,1,1
Class,"test.time_test.TimeModuleTest",4,1,1,0,1,4,4,,,1,1
Class,"test.touch_test.TouchTest",8,1,1,0,1,8,8,,,1,1
Class,"test.transform_test.TransformDisplayModuleTest",4,1,1,0,1,4,4,,,1,1
Class,"test.transform_test.TransformModuleTest",45,1,4,0,1,30,30,,,1,1
Class,"test.version_test.VersionTest",8,8,8,0,1,1,1,,,1,1
Struct,"textcontext_",0,0,0,0,0,0,0,0,0,0,0
